@stellargirl I loooooooovvvvvveee my Kindle2. Not that the DX is cool, but the 2 is fantastic in its own right.	kindle2	positive
Reading my kindle2...  Love it... Lee childs is good read.	kindle2	positive
Ok, first assesment of the #kindle2 ...it fucking rocks!!!	kindle2	positive
@kenburbary You'll love your Kindle2. I've had mine for a few months and never looked back. The new big one is huge! No need for remorse! :)	kindle2	positive
@mikefish  Fair enough. But i have the Kindle2 and I think it's perfect  :)	kindle2	positive
@richardebaker no. it is too big. I'm quite happy with the Kindle2.	kindle2	positive
Fuck this economy. I hate aig and their non loan given asses.	aig	negative
Jquery is my new best friend.	jquery	positive
Loves twitter	twitter	positive
how can you not love Obama? he makes jokes about himself.	obama	positive
Check this video out -- President Obama at the White House Correspondents' Dinner http://bit.ly/IMXUM	obama	neutral
@Karoli I firmly believe that Obama/Pelosi have ZERO desire to be civil.  It's a charade and a slogan, but they want to destroy conservatism	obama	negative
House Correspondents dinner was last night whoopi, barbara &amp; sherri went, Obama got a standing ovation	obama	positive
Watchin Espn..Jus seen this new Nike Commerical with a Puppet Lebron..sh*t was hilarious...LMAO!!!	nike	positive
dear nike, stop with the flywire. that shit is a waste of science. and ugly. love, @vincentx24x	nike	negative
#lebron best athlete of our generation, if not all time (basketball related) I don't want to get into inter-sport debates about   __1/2	lebron	positive
I was talking to this guy last night and he was telling me that he is a die hard Spurs fan.  He also told me that he hates LeBron James.	lebron	negative
i love lebron. http://bit.ly/PdHur	lebron	positive
@ludajuice Lebron is a Beast, but I'm still cheering 4 the A..til the end.	lebron	negative
@Pmillzz lebron IS THE BOSS	lebron	positive
@sketchbug Lebron is a hometown hero to me, lol I love the Lakers but let's go Cavs, lol	lebron	positive
lebron and zydrunas are such an awesome duo	lebron	positive
@wordwhizkid Lebron is a beast... nobody in the NBA comes even close.	lebron	positive
downloading apps for my iphone! So much fun :-) There literally is an app for just about anything.	iphone app	positive
good news, just had a call from the Visa office, saying everything is fine.....what a relief! I am sick of scams out there! Stealing!	visa	positive
http://twurl.nl/epkr4b - awesome come back from @biz (via @fredwilson)	fredwilson	positive
In montreal for a long weekend of R&amp;R. Much needed.	fredwilson	positive
Booz Allen Hamilton has a bad ass homegrown social collaboration platform. Way cool!  #ttiv	"booz allen"	positive
[#MLUC09] Customer Innovation Award Winner: Booz Allen Hamilton -- http://ping.fm/c2hPP	"booz allen"	positive
@SoChi2 I current use the Nikon D90 and love it, but not as much as the Canon 40D/50D. I chose the D90 for the  video feature. My mistake.	40d	positive
need suggestions for a good IR filter for my canon 40D ... got some? pls DM	40d	neutral
@surfit: I just checked my google for my business- blip shows up as the second entry! Huh. Is that a good or ba... ? http://blip.fm/~6emhv	google	neutral
@phyreman9 Google is always a good place to look. Should've mentioned I worked on the Mustang w/ my Dad, @KimbleT.	google	positive
Played with an android google phone. The slide out screen scares me I would break that fucker so fast. Still prefer my iPhone.	google	negative
US planning to resume the military tribunals at Guantanamo Bay... only this time those on trial will be AIG execs and Chrysler debt holders	aig	negative
omg so bored &amp; my tattoooos are so itchy!!  help! aha =)	itchy	negative
I'm itchy and miserable!	itchy	negative
@sekseemess no. I'm not itchy for now. Maybe later, lol.	itchy	negative
RT @jessverr I love the nerdy Stanford human biology videos - makes me miss school. http://bit.ly/13t7NR	stanford	positive
@spinuzzi: Has been a bit crazy, with steep learning curve, but LyX is really good for long docs. For anything shorter, it would be insane.	lyx	positive
I'm listening to "P.Y.T" by Danny Gokey &lt;3 &lt;3 &lt;3 Aww, he's so amazing. I &lt;3 him so much :)	Danny Gokey	positive
is going to sleep then on a bike ride:]	sleep	positive
cant sleep... my tooth is aching.	sleep	negative
Blah, blah, blah same old same old. No plans today, going back to sleep I guess.	sleep	negative
glad i didnt do Bay to Breakers today, it's 1000 freaking degrees in San Francisco wtf	san francisco	negative
is in San Francisco at Bay to Breakers.	san francisco	neutral
just landed at San Francisco	san francisco	neutral
San Francisco today.  Any suggestions?	san francisco	neutral
?Obama Administration Must Stop Bonuses to AIG Ponzi Schemers ... http://bit.ly/2CUIg	aig	negative
started to think that Citi is in really deep s&amp;^t. Are they gonna survive the turmoil or are they gonna be the next AIG?	aig	negative
ShaunWoo hate'n on AiG	aig	negative
@YarnThing you will not regret going to see Star Trek. It was AWESOME!	star trek	positive
On my way to see Star Trek @ The Esquire.	star trek	neutral
Going to see star trek soon with my dad.	star trek	neutral
annoying new trend on the internets:  people picking apart michael lewis and malcolm gladwell.  nobody wants to read that.	Malcolm Gladwell	negative
Bill Simmons in conversation with Malcolm Gladwell http://bit.ly/j9o50	Malcolm Gladwell	neutral
Highly recommend: http://tinyurl.com/HowDavidBeatsGoliath by Malcolm Gladwell	Malcolm Gladwell	positive
Blink by malcolm gladwell amazing book and The tipping point!	Malcolm Gladwell	positive
Malcolm Gladwell might be my new man crush	Malcolm Gladwell	positive
omg. The commercials alone on ESPN are going to drive me nuts.	espn	negative
@robmalon Playing with Twitter API sounds fun.  May need to take a class or find a new friend who like to generate results with API code.	"twitter api"	positive
playing with cURL and the Twitter API	"twitter api"	neutral
Hello Twitter API ;)	"twitter api"	positive
playing with Java and the Twitter API	"twitter api"	neutral
@morind45 Because the twitter api is slow and most client's aren't good.	"twitter api"	negative
yahoo answers can be a butt sometimes	yahoo	negative
is scrapbooking with Nic =D	scrapbooking	positive
RT @mashable: Five Things Wolfram Alpha Does Better (And Vastly Different) Than Google - http://bit.ly/6nSnR	wolfram alpha	positive
just changed my default pic to a Nike basketball cause bball is awesome!!!!!	nike	positive
Nike owns NBA Playoffs ads w/ LeBron, Kobe, Carmelo? http://ow.ly/7Uiy  #Adidas #Billups #Howard  #Marketing #Branding	nike	neutral
'Next time, I'll call myself Nike'	nike	neutral
New blog post: Nike SB Dunk Low Premium 'White Gum' http://tr.im/lOtT	nike	neutral
RT @SmartChickPDX: Was just told that Nike layoffs started today :-(	nike	negative
Back when I worked for Nike we had one fav word : JUST DO IT! :)	nike	positive
By the way, I'm totally inspired by this freaky Nike commercial: http://snurl.com/icgj9	nike	positive
giving weka an app engine interface, using the bird strike data for the tests, the logo is a given.	weka	neutral
Brand New Canon EOS 50D 15MP DSLR Camera Canon 17-85mm IS Lens ...: Web Technology Thread, Brand New Canon EOS 5.. http://u.mavrev.com/5a3t	50d	neutral
Class... The 50d is supposed to come today :)	50d	positive
needs someone to explain lambda calculus to him! :(	lambda calculus	negative
Took the Graduate Field Exam for Computer Science today.  Nothing makes you feel like more of an idiot than lambda calculus.	lambda calculus	negative
SHOUT OUTS TO ALL EAST PALO ALTO FOR BEING IN THE BUILDIN KARIZMAKAZE 50CAL GTA! ALSO THANKS TO PROFITS OF DOOM UNIVERSAL HEMPZ CRACKA......	east palo alto	positive
@legalgeekery Yeahhhhhhhhh, I wouldn't really have lived in East Palo Alto if I could have avoided it.  I guess it's only for the summer.	east palo alto	negative
@accannis @edog1203 Great Stanford course. Thanks for making it available to the public! Really helpful and informative for starting off!	stanford	positive
NVIDIA Names Stanford's Bill Dally Chief Scientist, VP Of Research http://bit.ly/Fvvg9	stanford	neutral
New blog post: Harvard Versus Stanford - Who Wins? http://bit.ly/MCoCo	stanford	neutral
@ work til 6pm... lets go lakers!!!	lakers	positive
Damn you North Korea. http://bit.ly/KtMeQ	north korea	negative
Can we just go ahead and blow North Korea off the map already?	north korea	negative
North Korea, please cease this douchebaggery. China doesn't even like you anymore. http://bit.ly/NeHSl	north korea	negative
Why the hell is Pelosi in freakin China? and on whose dime?	pelosi	negative
Are YOU burning more cash $$$ than Chrysler and GM? Stop the financial tsunami. Where "bailout" means taking a handout!	bailout	negative
insects have infected my spinach plant :(	insects	negative
wish i could catch every mosquito in the world n burn em slowly.they been bitin the shit outta me 2day.mosquitos are the assholes of insects	insects	negative
just got back from church, and I totally hate insects.	insects	negative
Just got mcdonalds goddam those eggs make me sick. O yeah Laker up date go lakers. Not much of an update? Well it's true so suck it	mcdonalds	negative
omgg i ohhdee want mcdonalds damn i wonder if its open lol =]	mcdonalds	positive
History exam studying ugh	exam	negative
I hate revision, it's so boring! I am totally unprepared for my exam tomorrow :( Things are not looking good...	exam	negative
Higher physics exam tommorow, not lookin forward to it much :(	exam	negative
It's a bank holiday, yet I'm only out of work now. Exam season sucks:(	exam	negative
Cheney and Bush are the real culprits - http://fwix.com/article/939496	cheney	negative
Life?s a bitch? and so is Dick Cheney. #p2 #bipart #tlot #tcot #hhrs #GOP #DNC http://is.gd/DjyQ	cheney	negative
Dick Cheney's dishonest speech about torture, terror, and Obama. -Fred Kaplan Slate. http://is.gd/DiHg	cheney	negative
"The Republican party is a bunch of anti-abortion zealots who couldn't draw flies to a dump." -- Neal Boortz (just now, on the radio)	republican	negative
is Twitter's connections API broken? Some tweets didn't make it to Twitter...	twitter api	negative
i srsly hate the stupid twitter API timeout thing, soooo annoying!!!!! :(	twitter api	negative
@psychemedia I really liked @kswedberg's "Learning jQuery" book. http://bit.ly/pg0lT is worth a look too	jquery book	positive
jQuery UI 1.6 Book Review - http://cfbloggers.org/?c=30631	jquery book	neutral
Very Interesting Ad from Adobe by Goodby, Silverstein &amp; Partners - YouTube - Adobe CS4: Le Sens Propre http://bit.ly/VprpT	goodby silverstein	positive
Goodby Silverstein agency new site! http://www.goodbysilverstein.com/ Great!	goodby silverstein	positive
RT @designplay Goodby, Silverstein's new site: http://www.goodbysilverstein.com/ I enjoy it. *nice find!*	goodby silverstein	positive
The ever amazing Psyop and Goodby Silverstein &amp; Partners for HP! http://bit.ly/g2rU8 Have to go play with After Effects now!	goodby silverstein	positive
top ten most watched on Viral-Video Chart.  Love the nike #mostvaluablepuppets campaign from Wieden &amp; Kennedy http://bit.ly/nR1n9	wieden	positive
zomg!!! I have a G2!!!!!!!	g2	positive
Ok so lots of buzz from IO2009 but how lucky are they - a Free G2!! http://is.gd/Hyzl	g2	positive
just got a free G2 android at google i/o!!!	g2	positive
Guess I'll be retiring my G1 and start using my developer G2 woot #googleio	g2	positive
At GWT fireside chat @googleio	googleio	neutral
I am happy for Philip being at GoogleIO today	googleio	positive
Lakers played great!  Cannot wait for Thursday night Lakers vs. ???	lakers	positive
Hi there, does anyone have a great source for advice on viral marketing?... http://link.gs/YtZ8	viral marketing	neutral
Judd Apatow creates fake sitcom on NBC.com to market his new movie... viral marketing at its best. http://is.gd/K0yK	viral marketing	positive
Here's A case study on how to use viral marketing to add over 10,000 people to your list http://snipr.com/i50oz	viral marketing	neutral
VIRAL MARKETING FAIL. This Acia Pills brand oughta get shut down for hacking into people's messenger's.  i get 5-6 msgs in a day! Arrrgh!	viral marketing	negative
watching Night at The Museum . Lmao	"night at the museum"	positive
i loved night at the museum!!!	"night at the museum"	positive
going to see the new night at the museum  movie with my family oh boy a three year old in the movies fuin	"night at the museum"	neutral
just got back from the movies.  went to see the new night at the museum with rachel.  it was good	"night at the museum"	positive
Just saw the new Night at the Museum movie...it was...okay...lol 7\10	"night at the museum"	neutral
Going to see night at the museum 2 with tall boy	"night at the museum"	neutral
@shannyoday I will take you on a date to see night at the museum 2 whenever you want...it looks soooooo good	"night at the museum"	positive
no watching The Night At The Museum. Getting Really Good	"night at the museum"	positive
Night at the Museum, Wolverine and junk food - perfect monday!	"night at the museum"	positive
saw night at the museum 2 last night.. pretty crazy movie.. but the cast was awesome so it was well worth it. Robin Williams forever!	"night at the museum"	positive
I saw Night at the Museum: Battle of the Swithsonian today. It was okay. Your typical [kids] Ben Stiller movie.	"night at the museum"	neutral
Taking Katie to see Night at the Museum.  (she picked it)	"night at the museum"	neutral
Night at the Museum tonite instead of UP. :( oh well. that 4 yr old better enjoy it. LOL	"night at the museum"	negative
GM says expects announcment on sale of Hummer soon - Reuters: WDSUGM says expects announcment on sale of Hummer .. http://bit.ly/4E1Fv	gm	neutral
It's unfortunate that after the Stimulus plan was put in place twice to help GM on the back of the American people has led to the inevitable	gm	negative
Tell me again why we are giving more $$ to GM?? We should use that $ for all the programs that support the unemployed.	gm	negative
@jdreiss oh yes but if GM dies it will only be worth more boo hahaha	gm	negative
Time Warner cable is down again 3rd time since Memorial Day bummer!	time warner	negative
I would rather pay reasonable yearly taxes for "free" fast internet, than get gouged by Time Warner for a slow connection.	time warner	negative
NOOOOOOO my DVR just died and I was only half way through the EA presser. Hate you Time Warner	time warner	negative
F*ck Time Warner Cable!!! You f*cking suck balls!!! I have a $700 HD tv &amp; my damn HD channels hardly ever come in. Bullshit!!	time warner	negative
time warner has the worse customer service ever. I will never use them again	time warner	negative
Time warner is the devil. Worst possible time for the Internet to go out.	time warner	negative
Fuck no internet damn time warner!	time warner	negative
time warner really picks the worst time to not work. all i want to do is get to mtv.com so i can watch the hills. wtfffff.	time warner	negative
I hate Time Warner! Soooo wish I had Vios. Cant watch the fricken Mets game w/o buffering. I feel like im watching free internet porn.	time warner	negative
Ahh...got rid of stupid time warner today &amp; now taking a nap while the roomies cook for me. Pretty good end for a monday :)	time warner	negative
Time Warner's HD line up is crap.	time warner	negative
is being fucked by time warner cable. didnt know modems could explode. and Susan Boyle sucks too!	time warner	negative
Time Warner Cable Pulls the Plug on 'The Girlfriend Experience' - (www.tinyurl.com/m595fk)	time warner	neutral
Time Warner Cable slogan: Where calling it a day at 2pm Happens.	time warner	negative
Rocawear Heads to China, Building 300 Stores  - http://tinyurl.com/nofet3	china	neutral
Climate focus turns to Beijing: The United Nations, the US and European governments have called on China to co-o.. http://tinyurl.com/lto92n	china	neutral
myfoxdc Barrie Students Back from Trip to China: A Silver Spring high school's class trip to China has en.. http://tinyurl.com/nlhqba	china	neutral
Three China aerospace giants develop Tianjin Binhai  New Area,  22.9 B yuan invested   http://bit.ly/mMiDv	china	neutral
http://xi.gs/04FO GM CEO: China will continue to be key partner	gm	neutral
RT @LATimesautos is now the time to buy a GM car? http://bit.ly/nRzlu	gm	neutral
Recovering from surgery..wishing @julesrenner was here :(	surgery	negative
My wrist still hurts. I have to get it looked at. I HATE the dr/dentist/scary places. :( Time to watch Eagle eye. If you want to join, txt!	dentist	positive
Dentist tomorrow. Have to brush well in the morning. Like I make my hair all nice before I get it cut. Why?	dentist	neutral
THE DENTIST LIED! " U WON'T FEEL ANY DISCOMORT! PROB WON'T EVEN NEED PAIN PILLS" MAN U TWIPPIN THIS SHIT HURT!! HOW MANY PILLS CAN I TAKE!!	dentist	negative
@kirstiealley my dentist is great but she's expensive...=(	dentist	negative
@kirstiealley Pet Dentist http://www.funnyville.com/fv/pictures/dogdentures.shtml	dentist	neutral
is studing math ;) tomorrow exam and dentist :)	dentist	positive
my dentist was wrong... WRONG	dentist	negative
Going to the dentist later.:|	dentist	negative
Son has me looking at cars online.  I hate car shopping.  Would rather go to the dentist!  Anyone with a good car at a good price to sell?	dentist	negative
NCAA Baseball Super Regional - Rams Club http://bit.ly/Ro7nx	baseball	neutral
just started playing Major League Baseball 2K9. http://raptr.com/H3LLGWAR	baseball	neutral
Cardinals baseball advance to Super Regionals. Face CS-Fullerton Friday.	baseball	neutral
Sony coupon code.. Expires soon.. http://www.coupondork.com/r/1796	sony	neutral
waiting in line at safeway.	safeway	neutral
luke and i got stopped walking out of safeway and asked to empty our pockets and lift our shirts. how jacked up is that?	safeway	negative
Did not realize there is a gym above Safeway!	safeway	neutral
@XPhile1908 I have three words for you: "Safeway dot com"	safeway	neutral
Safeway is very rock n roll tonight	safeway	positive
Bout to hit safeway I gotta eat	safeway	neutral
Jake's going to safeway!	safeway	neutral
Found a safeway. Picking up a few staples.	safeway	neutral
Safeway Super-marketing via mobile coupons http://bit.ly/ONH7w	safeway	neutral
The safeway bathroom still smells like ass!	safeway	negative
At safeway on elkhorn, they move like they're dead!	safeway	negative
Your Normal Weight (and How to Get There) ? Normal Eating Blog http://bit.ly/ZeT8O	eating	neutral
Is Eating and Watching Movies....	eating	neutral
eating sashimi	eating	neutral
is eating  home made yema	eating	neutral
eating cake	eating	neutral
i love Dwight Howard's vitamin water commercial... now i wish he was with NIKE and not adidas. lol.	nike	positive
Found NOTHING at Nike Factory :/ Off to Banana Republic Outlet! http://myloc.me/2zic	nike	negative
iPhone May Get Radio Tagging and Nike  : Recently-released iTunes version 8.2 suggests that VoiceOver functional.. http://tinyurl.com/oq5ctc	nike	neutral
is lovin his Nike  already and that's only from running on the spot in his bedroom	nike	positive
Launched! http://imgsearch.net  #imgsearch #ajax #jquery #webapp	jquery	neutral
@matthewcyan I finally got around to using jquery to make my bio collapse. Yay for slide animations.	jquery	positive
RT @jquery: The Ultimate jQuery List - http://jquerylist.com/	jquery	neutral
I just extracted and open-sourced a jQuery plugin from Stormweight to highlight text with a regular expression: http://bit.ly/ybJKb	jquery	neutral
@anna_debenham what was the php jquery hack?	jquery	neutral
jQuery Cheat Sheet http://www.javascripttoolbox.com/jquery/cheatsheet/	jquery	neutral
Beginning JavaScript and CSS Development with jQuery #javascript #css #jquery http://bit.ly/TO3e5	jquery	neutral
@PDubyaD right!!! LOL we'll get there!! I have high expectations, Warren Buffet style.	warren buffet	positive
RT @blknprecious1: RT GREAT @dbroos "Someone's sitting in the shade today because someone planted a tree a long time ago."- Warren Buffet	warren buffet	positive
Warren Buffet on the economy http://ping.fm/Lau0p	warren buffet	neutral
Warren Buffet became (for a time) the richest man in the United States, not by working but investing in 1 Big idea which lead to the fortune	warren buffet	positive
According to the create a school, Notre Dame will have 7 receivers in NCAA 10 at 84 or higher rating :) *sweet*	notre dame school	positive
All-Star Basketball Classic Tuesday Features Top Talent: Chattanooga's Notre Dame High School will play host.. http://bit.ly/qltJA	notre dame school	neutral
@BlondeBroad it's definitely under warranty &amp; my experience is the amazon support for kindle is great! had to contact them about my kindle2	kindle2	positive
RT Look, Available !Amazon Kindle2 &amp; Kindle DX, Get it Here: http://short.to/87ub The Top Electronic Book Reader Period, free 2 day ship ...	kindle2	neutral
Time Warner Road Runner customer support here absolutely blows. I hate not having other high-speed net options. I'm ready to go nuclear.	time warner	negative
Time Warner cable phone reps r dumber than nails!!!!! UGH! Cable was working 10 mins ago now its not WTF!	time warner	negative
@siratomofbones we tried but Time Warner wasn't being nice so we recorded today. :)	time warner	negative
OMG - time warner f'ed up my internet install - instead of today  its now NEXT saturday - another week w/o internet! &amp;$*ehfa^V9fhg[*# fml.	time warner	negative
wth..i have never seen a line this loooong at time warner before, ugh.	time warner	negative
Impatiently awaiting the arrival of the time warner guy. It's way too pretty to be inside all afternoon	time warner	negative
Man accosts Roger Federer during French Open http://ff.im/3HCPT	federer	neutral
Naive Bayes using EM for Text Classification. Really Frustrating...	"naive bayes"	negative
We went to Stanford University today. Got a tour. Made me want to go back to college. It's also decided all of our kids will go there.	stanford	positive
Investigation pending on death of Stanford CS prof / Google mentor Rajeev Motwani http://bit.ly/LwOUR tip @techmeme	stanford	neutral
I'm going to bed. It was a successful weekend. Stanford, here I come.	stanford	neutral
@KarrisFoxy If you're being harassed by calls about your car warranty, changing your number won't fix that. They call every number. #d-bags	car warranty call	negative
Just blocked United Blood Services using Google Voice. They call more than those Car Warranty guys.	car warranty call	negative
#at&amp;t is complete fail.	at&t	negative
@broskiii OH SNAP YOU WORK AT AT&amp;T DON'T YOU	at&t	negative
@Mbjthegreat i really dont want AT&amp;T phone service..they suck when it comes to having a signal	at&t	negative
I say we just cut out the small talk: AT&amp;T's new slogan: F__k you, give us your money. (Apologies to Bob Geldof.)	at&t	negative
pissed about at&amp;t's mid-contract upgrade price for the iPhone (it's $200 more) I'm not going to pay $499 for something I thought was $299	at&t	negative
Safari 4 is fast :) Even on my shitty AT&amp;T tethering.	at&t	negative
@ims What is AT&amp;T fucking up?	at&t	negative
@springsingfiend @dvyers @sethdaggett @jlshack AT&amp;T dropped the ball and isn't supporting crap with the new iPhone 3.0... FAIL #att SUCKS!!!	at&t	negative
@MMBarnhill yay, glad you got the phone! Still, damn you, AT&amp;T.	at&t	negative
Google Wave Developer Sandbox Account Request http://bit.ly/2NYlc	wave sandbox	neutral
Talk is Cheap: Bing that, I?ll stick with Google. http://bit.ly/XC3C8	bing	negative
@defsounds WTF is the point of deleting tweets if they can still be found in summize and searches? Twitter, please fix that. Thanks and bye	summize	negative
@mattcutts have google profiles stopped showing up in searches? cant see them anymore	google	neutral
@ArunBasilLal I love Google Translator too ! :D Good day mate !	google	positive
reading on my new Kindle2!	kindle2	positive
My Kindle2 came and I LOVE it! :)	kindle2	positive
LOVING my new Kindle2.  Named her Kendra in case u were wondering. The "cookbook" is THE tool cuz it tells u all the tricks!  Best gift EVR!	kindle2	positive
The real AIG scandal / http://bit.ly/b82Px	aig	negative
Any twitter to aprs apps yet?	twitter	neutral
45 Pros You Should Be Following on Twitter - http://is.gd/sMbZ	twitter	neutral
Obama is quite a good comedian! check out his dinner speech on CNN :) very funny jokes.	obama	positive
' Barack Obama shows his funny side " &gt;&gt; http://tr.im/l0gY !! Great speech..	obama	positive
I like this guy : ' Barack Obama shows his funny side " &gt;&gt; http://tr.im/l0gY !!	obama	positive
Obama's speech was pretty awesome last night! http://bit.ly/IMXUM	obama	positive
Reading  "Bill Clinton Fail - Obama Win?" http://tinyurl.com/pcyxj7	obama	positive
Obama More Popular Than U.S. Among Arabs: Survey: President Barack Obama's popularity in leading Arab countries .. http://tinyurl.com/prlvqu	obama	positive
Obama's got JOKES!! haha just got to watch a bit of his after dinner speech from last night... i'm in love with mr. president ;)	obama	positive
LEbron james got in a car accident i guess..just heard it on evening news...wow i cant believe it..will he be ok ? http://twtad.com/69750	lebron	negative
is it me or is this the best the playoffs have been in years oh yea lebron and melo in the finals	lebron	positive
@khalid0456 No, Lebron is the best	lebron	positive
@the_real_usher LeBron is cool.  I like his personality...he has good character.	lebron	positive
Watching Lebron highlights. Damn that niggas good	lebron	positive
@Lou911 Lebron is MURDERING shit.	lebron	positive
@uscsports21 LeBron is a monsta and he is only 24. SMH The world ain't ready.	lebron	positive
@cthagod when Lebron is done in the NBA he will probably be greater than Kobe. Like u said Kobe is good but there alot of 'good' players.	lebron	positive
KOBE IS GOOD BT LEBRON HAS MY VOTE	lebron	positive
Kobe is the best in the world not lebron .	lebron	negative
@asherroth World Cup 2010 Access?? Damn, that's a good look!	world cup	positive
Just bought my tickets for the 2010 FIFA World Cup in South Africa. Its going to be a great summer. http://bit.ly/9GEZI	world cup 2010	positive
Share: Disruption...Fred Wilson's slides for his talk at Google HQ  http://bit.ly/Bo8PG	fred wilson	neutral
I have to go to Booz Allen Hamilton for a 2hr meeting :(  But then i get to go home :)	"booz allen"	negative
The great Indian tamasha truly will unfold from May 16, the result day for Indian General Election.	indian election	positive
@crlane I have the Kindle2. I've seen pictures of the DX, but haven't seen it in person. I love my Kindle - I'm on it everyday.	kindle2	positive
@criticalpath Such an awesome idea - the  continual learning program with a Kindle2  http://bit.ly/1ZLfF	kindle2	positive
ok.. do nothing.. just thinking about 40D	40d	neutral
@faithbabywear Ooooh, what model are you getting??? I have the 40D and LOVE LOVE LOVE LOVE it!	40d	positive
The Times of India: The wonder that is India's election. http://bit.ly/p7u1H	india election	positive
http://is.gd/ArUJ Good video from Google on using search options.	google	positive
@ambcharlesfield lol. Ah my skin is itchy :( damn lawnmowing.	itchy	negative
itchy back!! dont ya hate it!	itchy	negative
Stanford Charity Fashion Show a top draw http://cli.gs/NeNuAH	stanford	positive
Stanford University?s Facebook Profile is One of the Most Popular Official University Pages - http://tinyurl.com/p5b3fl	stanford	positive
Lyx is cool.	lyx	positive
SOOO DISSAPOiNTED THEY SENT DANNY GOKEY HOME... YOU STiLL ROCK ...DANNY ... MY HOMETOWN HERO !! YEAH MiLROCKEE!!	Danny Gokey	positive
RT @PassionModel 'American Idol' fashion: Adam Lambert tones down, Danny Gokey cute ... http://cli.gs/7JWSHV	Danny Gokey	positive
@dannygokey I love you DANNY GOKEY!! :)	Danny Gokey	positive
RT @justindavey: RT @tweetmeme GM OnStar now instantly sends accident location coordinates to 911 | GPS Obsessed http://bit.ly/16szL1	gm	neutral
so tired. i didn't sleep well at all last night.	sleep	negative
Boarding plane for San Francisco in 1 hour; 6 hr flight. Blech.	san francisco	negative
bonjour San Francisco. My back hurts from last night..	san francisco	negative
breakers. in San Francisco, CA http://loopt.us/4v88Bw.t	san francisco	neutral
Heading to San Francisco	san francisco	neutral
With my best girl for a few more hours in San francisco. Mmmmmfamily is wonderful!	san francisco	positive
F*** up big, or go home - AIG	aig	negative
Went to see the Star Trek movie last night.  Very satisfying.	star trek	positive
I can't wait, going to see star trek tonight!!	star trek	positive
Star Trek was as good as everyone said!!	star trek	positive
am loving new malcolm gladwell book - outliers	Malcolm Gladwell	positive
I highly recommend Malcolm Gladwell's 'The Tipping Point.' My next audiobook will probably be one of his as well.	Malcolm Gladwell	positive
Malcolm Gladwell is a genius at tricking people into not realizing he's a fucking idiot	Malcolm Gladwell	negative
@sportsguy33 hey no offense but malcolm gladwell is a pretenious, annoying cunt and he brings you down. cant read his shit	Malcolm Gladwell	negative
RT @clashmore: http://bit.ly/SOYv7  Great article by Malcolm Gladwell.	Malcolm Gladwell	positive
I seriously underestimated Malcolm Gladwell.  I want to meet this dude.	Malcolm Gladwell	positive
i hate comcast right now. everything is down cable internet &amp; phone....ughh what am i to do	comcast	negative
Comcast sucks.	comcast	negative
The day I never have to deal with Comcast again will rank as one of the best days of my life.	comcast	negative
@Dommm did comcast fail again??	comcast	negative
How do you use the twitter API?... http://bit.ly/4VBhH	"twitter api"	neutral
curses the Twitter API limit	"twitter api"	negative
Now I can see why Dave Winer screams about lack of Twitter API, its limitations and access throttles!	"twitter api"	negative
testing Twitter API	"twitter api"	neutral
Arg. Twitter API is making me crazy.	"twitter api"	negative
Testing Twitter API. Remote Update	"twitter api"	neutral
I'm really loving the new search site Wolfram/Alpha. Makes Google seem so ... quaint. http://www72.wolframalpha.com/	wolfram alpha	positive
#wolfram Alpha SUCKS! Even for researchers the information provided is less than you can get from #google or #wikipedia, totally useless!	wolfram alpha	negative
Off to the NIKE factory!!!	nike	positive
New nike muppet commercials are pretty cute. Why do we live together again?	nike	positive
New blog post: Nike Zoom LeBron Soldier 3 (III) - White / Black - Teal http://bit.ly/rouUS	nike	neutral
New blog post: Nike Trainer 1 http://bit.ly/394bp	nike	neutral
@Fraggle312 oh those are awesome! i so wish they weren't owned by nike :(	nike	negative
@tonyhawk http://twitpic.com/5c7uj - AWESOME!!! Seeing the show Friday at the Shoreline Amphitheatre. Never seen NIN before. Can't wait. ...	shoreline amphitheatre	positive
arhh, It's weka bug. = =" and I spent almost two hours to find that out. crappy me	weka	negative
@mitzs hey bud :) np I do so love my 50D, although I'd love a 5D mkII more	50d	positive
@jonduenas @robynlyn just got us a 50D for the office. :D	50d	positive
Just picked up my new Canon 50D...it's beautiful!!  Prepare for some seriously awesome photography!	50d	positive
Just got my new toy. Canon 50D. Love love love it!	50d	positive
Learning about lambda calculus :)	lambda calculus	positive
#jobs #sittercity Help with taking care of sick child (East Palo Alto, CA) http://tinyurl.com/qwrr2m	east palo alto	neutral
I'm moving to East Palo Alto!	east palo alto	positive
@ atebits I just finished watching your Stanford iPhone Class session. I really appreciate it. You Rock!	stanford	positive
@jktweet Hi! Just saw your Stanford talk and really liked your advice. Just saying Hi from Singapore (yes the videos do get around)	stanford	positive
#MBA Admissions Tips Stanford GSB Deadlines and Essay Topics 2009-2010 http://tinyurl.com/pet4fd	stanford	neutral
Ethics and nonprofits - http://bit.ly/qsXRp  #stanford #socialentrepreneurship	stanford	neutral
LAKERS tonight let's go!!!!	lakers	positive
Will the Lakers kick the Nuggets ass tonight?	lakers	positive
Oooooooh... North Korea is in troubleeeee! http://bit.ly/19epAH	north korea	negative
Wat the heck is North Korea doing!!??!! They just conducted powerful nuclear tests! Follow the link: http://www.msnbc.msn.com/id/30921379	north korea	negative
Listening to Obama... Friggin North Korea...	north korea	negative
I just realized we three monkeys in the white Obama.Biden,Pelosi . Sarah Palin 2012	pelosi	negative
@foxnews Pelosi should stay in China and never come back.	pelosi	negative
Nancy Pelosi gave the worst commencement speech I've ever heard. Yes I'm still bitter about this	pelosi	negative
ugh. the amount of times these stupid insects have bitten me. Grr..	insects	negative
Prettiest insects EVER - Pink Katydids: http://bit.ly/2Upw2p	insects	positive
Just got barraged by a horde of insects hungry for my kitchen light. So scary.	insects	negative
Just had McDonalds for dinner. :D It was goooood. Big Mac Meal. ;)	mcdonalds	positive
AHH YES LOL IMA TELL MY HUBBY TO GO GET ME SUM MCDONALDS =]	mcdonalds	positive
Stopped to have lunch at McDonalds. Chicken Nuggetssss! :) yummmmmy.	mcdonalds	positive
Could go for a lot of McDonalds. i mean A LOT.	mcdonalds	positive
my exam went good. @HelloLeonie: your prayers worked (:	exam	positive
Only one exam left, and i am so happy for it :D	exam	positive
Math review. Im going to fail the exam.	exam	negative
Colin Powell rocked yesterday on CBS. Cheney needs to shut the hell up and go home.Powell is a man of Honor and served our country proudly	cheney	negative
obviously not siding with Cheney here: http://bit.ly/19j2d	cheney	negative
Absolutely hilarious!!! from @mashable:  http://bit.ly/bccWt	mashable	positive
@mashable I never did thank you for including me in your Top 100 Twitter Authors! You Rock! (&amp; I New Wave :-D) http://bit.ly/EOrFV	mashable	positive
Learning jQuery 1.3 Book Review - http://cfbloggers.org/?c=30629	jquery book	neutral
RT @shrop: Awesome JQuery reference book for Coda! http://www.macpeeps.com/coda/ #webdesign	jquery book	positive
I've been sending e-mails like crazy today to my contacts...does anyone have a contact at Goodby SIlverstein...I'd love to speak to them	goodby silverstein	positive
Adobe CS4 commercial by Goodby Silverstein: http://bit.ly/1aikhF	goodby silverstein	neutral
Goodby, Silverstein's new site... http://www.goodbysilverstein.com/ I enjoy it.	goodby silverstein	positive
Wow everyone at the Google I/O conference got free G2's with a month of unlimited service	g2	positive
@vkerkez dood I got a free google android phone at the I/O conference. The G2!	g2	positive
@Orli the G2 is amazing btw, a HUGE improvement over the G1	g2	positive
HTML 5 Demos! Lots of great stuff to come! Yes, I'm excited. :) http://htmlfive.appspot.com #io2009 #googleio	googleio	positive
@googleio http://twitpic.com/62shi - Yay! Happy place! Place place!  I love Google!	googleio	positive
#GoogleIO | O3D - Bringing 3d graphics to the browser. Very nice tbh. Funfun.	googleio	positive
Awesome viral marketing for "Funny People" http://www.nbc.com/yo-teach/	viral marketing	positive
Watching a programme about the life of Hitler, its only enhancing my geekiness of history.	hitler	neutral
saw night at the museum out of sheer desperation. who is funding these movies?	"night at the museum"	negative
Night At The Museum 2? Pretty furkin good.	"night at the museum"	positive
Watching Night at the Museum - giggling.	"night at the museum"	positive
@pambeeslyjenna Jenna, I went to see Night At The Museum 2 today and I was so surprised to see three cast members from The Office...	"night at the museum"	neutral
About to watch Night at the Museum with Ryan and Stacy	"night at the museum"	neutral
Getting ready to go watch Night at the Museum 2.  Dum dum, you give me gum gum!	"night at the museum"	neutral
Back from seeing 'Star Trek' and 'Night at the Museum.' 'Star Trek' was amazing, but 'Night at the Museum' was; eh.	"night at the museum"	negative
just watched night at the museum 2! so stinkin cute!	"night at the museum"	positive
So, Night at the Museum 2 was AWESOME! Much better than part 1. Next weekend we'll see Up.	"night at the museum"	positive
I think I may have a new favorite restaurant. On our way to see "Night at the Museum 2".	"night at the museum"	neutral
UP! was sold out, so i'm seeing Night At The Museum 2. I'm __ years old.	"night at the museum"	neutral
saw the new Night at the Museum and i loved it. Next is to go see UP in 3D	"night at the museum"	positive
It is a shame about GM. What if they are forced to make only cars the White House THINKS will sell? What do you think?	gm	negative
As u may have noticed, not too happy about the GM situation, nor AIG, Lehman, et al	gm	negative
Obama: Nationalization of GM to be short-term   (AP) http://tinyurl.com/md347r	gm	neutral
@Pittstock $GM good riddance.  sad though.	gm	negative
I Will NEVER Buy a Government Motors Vehicle: Until just recently, I drove GM cars. Since 1988, when I bought a .. http://tinyurl.com/lulsw8	gm	negative
Having the old Coca-Cola guy on the GM board is stupid has heck! #tcot #ala	gm	negative
#RantsAndRaves The worst thing about GM (concord / pleasant hill / martinez): is the fucking UAW. ..   http://buzzup.com/4ueb	gm	negative
Give a man a fish, u feed him for the day. Teach him to fish, u feed him for life. Buy him GM, and u F**K him over for good.	gm	negative
The more I hear about this GM thing the more angry I get. Billions wasted, more bullshit. All for something like 40k employees and all the..	gm	negative
@QuantTrader i own a GM car and it is junk as far as quality compared to a honda	gm	negative
sad day...bankrupt GM	gm	negative
is upset about the whole GM thing. life as i know it is so screwed up	gm	negative
whoever is running time warner needs to be repeatedly raped by a rhino so they understand the consequences of putting out shitty cable svcs	time warner	negative
Time Warner CEO hints at online fees for magazines      (AP) - Read from Mountain View,United States. Views 16209 http://bit.ly/UdFCH	time warner	neutral
#WFTB Joining a bit late. My connection was down (boo time warner)	time warner	negative
Cox or Time Warner?  Cox is cheaper and gets a B on dslreports.  TW is more expensive and gets a C.	time warner	negative
i am furious with time warner and their phone promotions!	time warner	negative
Just got home from chick-fil-a with the boys. Damn my internets down =( stupid time warner	time warner	negative
could time-warner cable suck more?  NO.	time warner	negative
Pissed at Time Warner for causin me to have slow internet problems	time warner	negative
@sportsguy33 Ummm, having some Time Warner problems?	time warner	negative
You guys see this?  Why does Time Warner have to suck so much ass?  Really wish I could get U-Verse at my apartment. http://bit.ly/s594j	time warner	negative
RT @sportsguy33 The upside to Time Warner: unhelpful phone operators   superslow on-site service. Crap, that's not an upside.	time warner	negative
RT @sportsguy33: New Time Warner slogan: "Time Warner, where we make you long for the days before cable."	time warner	negative
confirmed: it's Time Warner's fault, not Facebook's, that fb is taking about 3 minutes to load. so tempted to switch to verizon =/	time warner	negative
@sportsguy33 Time Warner = epic fail	time warner	negative
Lawson to head Newedge Hong Kong http://bit.ly/xLQSD #business #china	china	neutral
Weird Piano Guitar House in China! http://u2s.me/72i8	china	neutral
Send us your GM/Chevy photos http://tinyurl.com/luzkpq	gm	neutral
I know. How sad is that?  RT @caseymercier: 1st day of hurricane season. That's less scarey than govt taking over GM.	gm	negative
GM files Bankruptcy, not a good sign...	gm	negative
yankees won mets lost. its a good day.	yankees	positive
My dentist appt today was actually quite enjoyable.	dentist	positive
I hate the effing dentist.	dentist	negative
@stevemoakler i had a dentist appt this morning and had the same conversation!	dentist	neutral
@kirstiealley I hate going to the dentist.. !!!	dentist	negative
i hate the dentist....who invented them anyways?	dentist	negative
this dentist's office is cold :/	dentist	negative
Check this video out -- David After Dentist http://bit.ly/47aW2	dentist	neutral
First dentist appointment [in years] on Wednesday possibly.	dentist	neutral
Tom Shanahan's latest column on SDSU and its NCAA Baseball Regional appearance: http://ow.ly/axhu	baseball	neutral
BaseballAmerica.com: Blog: Baseball America Prospects Blog ? Blog ... http://bit.ly/EtT8a	baseball	neutral
Portland city politics may undo baseball park http://tinyurl.com/lpjquj	baseball	neutral
RT @WaterSISWEB: CA Merced's water bottled by Safeway, resold at a profit: Wells are drying up across the county http://tinyurl.com/mb573s	safeway	neutral
dropped her broccoli walking home from safeway! ;( so depressed	safeway	neutral
@ronjon we don't have Safeway.	safeway	neutral
Just applied at Safeway!(: Yeeeee!	safeway	positive
@ Safeway. Place is a nightmare right now. Bumming.	safeway	negative
at safeway with dad	safeway	neutral
HATE safeway select green tea icecream! bought two cartons, what a waste of money.  &gt;_&lt;	safeway	negative
Safeway with Marvin, Janelle, and Auntie Lhu	safeway	neutral
Safeway offering mobile coupons http://bit.ly/ONH7w	safeway	neutral
Phillies Driving in the Cadillac with the Top Down in Cali, Win 5-3 - http://tinyurl.com/nzcjqa	driving	neutral
Saved money by opting for grocery store trip and stocking food in hotel room fridge vs. eating out every night while out of town.	eating	neutral
Lounging around, eating Taco Bell and watching NCIS before work tonight. Need help staying awake.	eating	neutral
eating breakfast and then school	eating	neutral
still hungry after eating....	eating	neutral
10 tips for healthy eating ? ResultsBy Fitness Blog :: Fitness ... http://bit.ly/62gFn	eating	neutral
with the boyfriend, eating a quesadilla	eating	neutral
Eating dinner. Meat, chips, and risotto.	eating	neutral
got a new pair of nike shoes. pics up later	nike	neutral
Nike SB Blazer High "ACG" Custom - Brad Douglas - http://timesurl.at/45a448	nike	neutral
Nike rocks. I'm super grateful for what I've done with them :) &amp; the European Division of NIKE is BEYOND! @whitSTYLES @muchasmuertes	nike	positive
Nike Air Yeezy Khaki/Pink Colorway Release - http://shar.es/bjfN	nike	neutral
@evelynbyrne have you tried Nike  ? V. addictive.	nike	positive
@erickoston That looks an awful lot like one of Nike's private jets....I'm just sayin....	nike	neutral
The Nike Training Club (beta) iPhone app looks very interesting.	nike	positive
argghhhh why won't  my jquery appear in safari bad safari !!!	jquery	negative
DevSnippets : jQuery Tools - Javascript UI Components for the Web... http://inblogs.org/go/hfuqt	jquery	neutral
all about Ajax,jquery ,css ,JavaScript and more... (many examples) http://ajaxian.com/	jquery	neutral
I'm ready to drop the pretenses, I am forever in love with jQuery, and I want to marry it. Sorry ladies, this nerd is jquery.spokenFor.js	jquery	positive
This is cold.. I was looking at google's chart//visualization API and found this jQuery "wrapper" for the API...  http://tinyurl.com/mq52bq	jquery	neutral
I spent most of my day reading a jQuery book. Now to start drinking some delirium tremens.	jquery	neutral
jquery Selectors http://codylindley.com/jqueryselectors/	jquery	neutral
How to implement a news ticker with jQuery and ten lines of code http://bit.ly/CZnFJ	jquery	neutral
What's Buffet Doing? Warren Buffett Kicks Butt In Battle of the Boots: Posted By:Alex Crippe.. http://bit.ly/AUIzO	warren buffet	neutral
SUPER INVESTORS: A great weekend read here from Warren Buffet. Oldie, but a goodie. http://tinyurl.com/oqxgga	warren buffet	positive
I'm truly braindead.  I couldn't come up with Warren Buffet's name to save my soul	warren buffet	neutral
reading Michael Palin book, The Python Years...great book. I also recommend Warren Buffet &amp; Nelson Mandela's bio	warren buffet	positive
I mean, I'm down with Notre Dame if I have to.  It's a good school, I'd be closer to Dan, I'd enjoy it.	notre dame school	positive
I can't watch TV without a Tivo.  And after all these years, the Time/Warner DVR  STILL sucks. http://www.davehitt.com/march03/twdvr.html	time warner	negative
I'd say some sports writers are idiots for saying Roger Federer is one of the best ever in Tennis.  Roger Federer is THE best ever in Tennis	federer	positive
I still love my Kindle2 but reading The New York Times on it does not feel natural. I miss the Bloomingdale ads.	kindle2	negative
I love my Kindle2. No more stacks of books to trip over on the way to the loo.	kindle2	positive
Although today's keynote rocked, for every great announcement, AT&amp;T shit on us just a little bit more.	at&t	negative
@sheridanmarfil - its not so much my obsession with cell phones, but the iphone!  i'm a slave to at&amp;t forever because of it. :)	at&t	negative
@freitasm oh I see. I thought AT&amp;T were 900MHz WCDMA?	at&t	neutral
@Plip Where did you read about tethering support Phil?  Just AT&amp;T or will O2 be joining in?	at&t	neutral
Fuzzball is more fun than AT&amp;T ;P http://fuzz-ball.com/twitter	at&t	negative
Today is a good day to dislike AT&amp;T. Vote out of office indeed, @danielpunkass	at&t	negative
GOT MY WAVE SANDBOX INVITE! Extra excited! Too bad I have class now... but I'll play with it soon enough! #io2009 #wave	wave sandbox	positive
looks like summize has gone down. too many tweets from WWDC perhaps?	summize	negative
I hope the girl at work  buys my Kindle2	kindle2	neutral
Missed this insight-filled May column: One smart guy looking closely at why he's impressed with Kindle2 http://bit.ly/i0peY @wroush	kindle2	neutral
@sklososky Thanks so much!!! ...from one of your *very* happy Kindle2 winners ; ) I was so surprised, fabulous. Thank you! Best, Kathleen	kindle2	positive
Man I kinda dislike Apple right now. Case in point: the iPhone 3GS. Wish there was a video recorder app. Please?? http://bit.ly/DZm1T	iphone app	negative
@cwong08 I have a Kindle2 (&amp; Sony PRS-500). Like it! Physical device feels good. Font is nice. Pg turns are snappy enuf. UI a little klunky.	kindle2	positive
The #Kindle2 seems the best eReader, but will it work in the UK and where can I get one?	kindle2	positive
I have a google addiction. Thank you for pointing that out, @annamartin123. Hahaha.	google	positive
@ruby_gem My primary debit card is Visa Electron.	visa card	neutral
Off to the bank to get my new visa platinum card	visa card	neutral
dearest @google, you rich bastards! the VISA card you sent me doesn't work. why screw a little guy like me?	visa card	negative
has a date with bobby flay and gut fieri from food network	Bobby Flay	neutral
Excited about seeing Bobby Flay and Guy Fieri tomorrow at the Great American Food &amp; Music Fest!	Bobby Flay	positive
Gonna go see Bobby Flay 2moro at Shoreline. Eat and drink. Gonna be good.	Bobby Flay	positive
can't wait for the great american food and music festival at shoreline tomorrow.  mmm...katz pastrami and bobby flay. yes please.	Bobby Flay	positive
My dad was in NY for a day, we ate at MESA grill last night and met Bobby Flay. So much fun, except I completely lost my voice today.	Bobby Flay	positive
Fighting with LaTex. Again...	latex	negative
@Iheartseverus we love you too and don't want you to die!!!!!!  Latex = the devil	latex	negative
7 hours. 7 hours of inkscape crashing, normally solid as a rock. 7 hours of LaTeX complaining at the slightest thing. I can't take any more.	latex	negative
How to Track Iran with Social Media: http://bit.ly/2BoqU	iran	neutral
Shit's hitting the fan in Iran...craziness indeed #iranelection	iran	negative
Monday already. Iran may implode. Kitchen is a disaster. @annagoss seems happy. @sebulous had a nice weekend and @goldpanda is great. whoop.	iran	negative
Twitter Stock buzz: $AAPL $ES_F $SPY $SPX $PALM  (updated: 12:00 PM)	aapl	neutral
getting ready to test out some burger receipes this weekend. Bobby Flay has some great receipes to try. Thanks Bobby.	Bobby Flay	positive
@johncmayer is Bobby Flay joining you?	Bobby Flay	neutral
i lam so in love with Bobby Flay... he is my favorite. RT @terrysimpson: @bflay you need a place in Phoenix. We have great peppers here!	Bobby Flay	positive
I just created my first LaTeX file from scratch. That didn't work out very well. (See @amandabittner , it's a great time waster)	latex	negative
using Linux and loving it - so much nicer than windows... Looking forward to using the wysiwyg latex editor!	latex	positive
After using LaTeX a lot, any other typeset mathematics just looks hideous.	latex	positive
Ask Programming: LaTeX or InDesign?: submitted by calcio1 [link] [1 comment] http://tinyurl.com/myfmf7	latex	neutral
On that note, I hate Word. I hate Pages. I hate LaTeX. There, I said it. I hate LaTeX. All you TEXN3RDS can come kill me now.	latex	negative
Ahhh... back in a *real* text editing environment. I &lt;3 LaTeX.	latex	positive
Trouble in Iran, I see. Hmm. Iran. Iran so far away. #flockofseagullsweregeopoliticallycorrect	iran	negative
Reading the tweets coming out of Iran... The whole thing is terrifying and incredibly sad...	iran	negative